epoch,train_loss,val_loss,eval_vel_mse,eval_pos_mse
1,0.0265794455766306,0.012767577554301343,nan,nan
2,0.012144934830957426,0.0128753498803068,nan,nan
3,0.011680037103486111,0.011933300477125585,nan,nan
4,0.011824594650895547,0.017622735617319963,nan,nan
5,0.01171484064155423,0.012650292847512672,0.0006897673812011718,0.008041036241965626
6,0.01085489882985654,0.01207949938699639,nan,nan
7,0.011117660949562989,0.010811779179933034,nan,nan
8,0.010867679325901212,0.01147429291325162,nan,nan
9,0.010788652122033901,0.011362652939108172,nan,nan
10,0.010722070314169246,0.011162445275859977,0.000530891712044794,0.00249471161438783
11,0.01031809889852552,0.011467153106045196,nan,nan
12,0.010674369339662803,0.010102503530087136,nan,nan
13,0.010384310134201135,0.010809383373671587,nan,nan
14,0.010212508973215788,0.01075112315009596,nan,nan
15,0.010140261796917842,0.011150400321045492,0.0006094583791705757,0.007079556519354751
16,0.010413223252340637,0.011270528463153644,nan,nan
17,0.010078533583465533,0.010978088458970112,nan,nan
18,0.010291768193827357,0.010492252172292727,nan,nan
19,0.010125724958099273,0.011682679480611883,nan,nan
20,0.009875056867036982,0.01138708251447003,0.0006055280280549843,0.002801387478383763
21,0.009891432837524887,0.010111480690648966,nan,nan
22,0.009833517815992518,0.011710564527205,nan,nan
23,0.009847013570732541,0.010503952023623206,nan,nan
24,0.0098751744777088,0.010005175198821822,nan,nan
25,0.009847558660188514,0.010148011707151386,0.0005074924562164467,0.0032885497119432804
26,0.00976270689888902,0.010603624926389122,nan,nan
27,0.00962420407807569,0.009945162344780554,nan,nan
28,0.009882545666944133,0.011090272212269157,nan,nan
29,0.009890999891947864,0.01046882183713938,nan,nan
30,0.009814488720219196,0.009981746993601293,0.00047012174830368924,0.001785471838342972
31,0.009604466056583053,0.010187488246462883,nan,nan
32,0.009784914947234529,0.010762792288056922,nan,nan
33,0.00952817099914524,0.009879232924006958,nan,nan
34,0.009675531499198644,0.009868522838522803,nan,nan
35,0.009574090958979787,0.009590322467144757,0.0004889203160872343,0.0012731356958351786
36,0.009498370671453845,0.009649608300185767,nan,nan
37,0.009471279417673032,0.011276110046320882,nan,nan
38,0.009534538944620455,0.010112021264767613,nan,nan
39,0.009488701559104465,0.010076080360803126,nan,nan
40,0.00964402681667269,0.009907160693829686,0.0004856278005335531,0.0020229390560147957
41,0.00933601581259754,0.010839514822547821,nan,nan
42,0.009439417896365185,0.011193825668747333,nan,nan
43,0.00953031796984489,0.009379387578864412,nan,nan
44,0.009301797380701509,0.012292347755687503,nan,nan
45,0.009536871428216848,0.010235896091476872,0.0005234595664043929,0.001431682546263
46,0.00932678291925841,0.009778177589813869,nan,nan
47,0.00935724953492486,0.009813918628314374,nan,nan
48,0.009324777566516876,0.009305271686154403,nan,nan
49,0.009284616907468263,0.010316725353911536,nan,nan
50,0.009332037383124379,0.010469370496724065,0.0005220034439482712,0.0042437566107561865
51,0.009261749561471367,0.010509406584040357,nan,nan
52,0.009307635814787633,0.009583273057313305,nan,nan
53,0.00925022056819777,0.00989732031305274,nan,nan
54,0.009159243623973322,0.009734542624607724,nan,nan
55,0.009169730318846952,0.010003219521163585,0.0005189671089151017,0.0035734566671020342
56,0.00909567539511994,0.010016836635988579,nan,nan
57,0.009162244497155077,0.009571827025757188,nan,nan
58,0.009201835761609935,0.009744580049865724,nan,nan
59,0.009109297483384036,0.009866493920560963,nan,nan
60,0.009106155249806316,0.00920375643511231,0.00047981202969588473,0.0012141090275186153
61,0.009014255937910078,0.009622419386551263,nan,nan
62,0.009140583934482215,0.009630857045515005,nan,nan
63,0.009037224221747953,0.00981827325958989,nan,nan
64,0.009064131356420695,0.009714908758195202,nan,nan
65,0.009101298309033062,0.009205773084800403,0.00046857246773980235,0.001761403595434987
66,0.0089917641771908,0.009719095392683536,nan,nan
67,0.008982647739325533,0.00946212326613538,nan,nan
68,0.009021046144164444,0.009743577736663404,nan,nan
69,0.008930114315453127,0.009363637507876632,nan,nan
70,0.008923393530186667,0.009119302248730518,0.0004776724267781201,0.001570717597724505
71,0.00889326351960837,0.009332227726993667,nan,nan
72,0.008845969546833803,0.009326165455344405,nan,nan
73,0.00883764630617574,0.011307893314009828,nan,nan
74,0.009200716412074364,0.009239680592569173,nan,nan
75,0.009036470245505142,0.00922672463432242,0.0004659159021104989,0.0019804709651846776
76,0.008859420823575699,0.009498342947095107,nan,nan
77,0.008925967138037838,0.009410027163728898,nan,nan
78,0.008771262476224971,0.00917266404190849,nan,nan
79,0.00875207721792037,0.009506863585428732,nan,nan
80,0.008895672615026903,0.009324491539496684,0.0004989520232943041,0.0010847926952482461
81,0.00891830231977416,0.009789030420786113,nan,nan
82,0.008798149126269344,0.00912076204494199,nan,nan
83,0.008791895772724195,0.009025265115374227,nan,nan
84,0.008821300676424455,0.009527270441434307,nan,nan
85,0.00873692683159539,0.009489910286730923,0.0004855057183788487,0.0019071109018918991
86,0.008625677050026898,0.009072174805644128,nan,nan
87,0.0089818514900268,0.00992472815472139,nan,nan
88,0.009195319499950574,0.010263968634725465,nan,nan
89,0.008904142566137089,0.009055243703842112,nan,nan
90,0.008951010683308247,0.010109379292066865,0.0005129756556008846,0.002627599158324412
91,0.008870096728304033,0.009355337300936904,nan,nan
92,0.008871320254079065,0.010048948118725785,nan,nan
93,0.008786417623742843,0.010470783932172927,nan,nan
94,0.00883793938755376,0.009194979775293056,nan,nan
95,0.008735847329093948,0.009534801377893167,0.0005214174145211828,0.001759217555380066
96,0.008632009639261804,0.00893972324770869,nan,nan
97,0.008858945545295071,0.00907721952509938,nan,nan
98,0.008573101605406133,0.009843255455886846,nan,nan
99,0.010257322195123663,0.009528705390030255,nan,nan
100,0.009105605272061338,0.010003065443385993,0.00051312809992557,0.0043323213563379905
101,0.009044377404516751,0.009033598103273506,nan,nan
102,0.008766882022050308,0.009355415866437622,nan,nan
103,0.008733162197966798,0.009049379713981606,nan,nan
104,0.008598575783536153,0.009323284580655232,nan,nan
105,0.008608618168320927,0.00903025462147567,0.0004609879627373778,0.0030225981389959584
106,0.009107778049799646,0.009825817027934971,nan,nan
107,0.009054240687038875,0.009717227723155166,nan,nan
108,0.008847816554929977,0.009499718969740166,nan,nan
109,0.008603553518187815,0.009204725164031792,nan,nan
110,0.008460890791551181,0.008890630351699652,0.00047725788350160155,0.0017153167490079957
111,0.008370764075616594,0.00895847536624826,nan,nan
112,0.008477006453422939,0.009087047073933941,nan,nan
113,0.008590893007501555,0.010087392712635361,nan,nan
114,0.008421090513962243,0.008938821177772827,nan,nan
115,0.0085592161322333,0.00870482421333754,0.00046951350955839544,0.0016704692223581499
116,0.008357977337746129,0.008918044631749198,nan,nan
117,0.00831387508761403,0.00897385507178165,nan,nan
118,0.008241026928177212,0.008654107210669946,nan,nan
119,0.008205793034519454,0.008698637411357799,nan,nan
120,0.008119371236910318,0.009378259508358208,0.0005180695890109773,0.002861167783409968
121,0.008287526269042512,0.008678697434233435,nan,nan
122,0.008180522316710176,0.008444835815871654,nan,nan
123,0.008105263040586038,0.009186413422904926,nan,nan
124,0.008138222927852426,0.008435630469259804,nan,nan
125,0.008364198168515464,0.00899169467931685,0.00046072154138893865,0.002131921517450759
126,0.008244947611806535,0.009014454015988164,nan,nan
127,0.00822547190207612,0.008876488244633017,nan,nan
128,0.008201552053020868,0.008405715548669817,nan,nan
129,0.007991988120432884,0.008561052773684756,nan,nan
130,0.007991422947694178,0.008587503525888013,0.00045560790592204324,0.0025094030276065
131,0.008048418010052936,0.008947502701435323,nan,nan
132,0.008244571066012804,0.008183215680597196,nan,nan
133,0.007974532912232308,0.00882848408341654,nan,nan
134,0.008096460288546731,0.009563975202279354,nan,nan
135,0.008006503110951559,0.008788089492175058,0.0004639705529226063,0.0016654250503401796
136,0.00793471320450211,0.008493174289710062,nan,nan
137,0.008071670995687164,0.008543382746106486,nan,nan
138,0.008058274331944176,0.008348794527248064,nan,nan
139,0.00806290507589678,0.008529993063601629,nan,nan
140,0.007983666871800145,0.00871862003482234,0.00045891739756974984,0.0019124608259114197
141,0.007880523643586728,0.008894064250979413,nan,nan
142,0.008115332249652659,0.007930640834585298,nan,nan
143,0.007996486171138158,0.008269387796299224,nan,nan
144,0.008195178902546063,0.008323714937423893,nan,nan
145,0.007941267066516246,0.008000570498456311,0.0004147856463834447,0.0014646823660582201
146,0.008020790348967197,0.008084470237062834,nan,nan
147,0.007970947125076544,0.00821937703280498,nan,nan
148,0.007920818350430436,0.008323077902504722,nan,nan
149,0.0078075299951834215,0.008333040158371165,nan,nan
150,0.007830007348934827,0.007994743076626792,0.0004420940330823395,0.002416792203621167
151,0.007844115449153826,0.00830115433601489,nan,nan
152,0.007840919606565348,0.008663485171254254,nan,nan
153,0.00771413821130286,0.008737048404640617,nan,nan
154,0.007825889142393957,0.007752612314881523,nan,nan
155,0.0077577171808881976,0.007946101041587534,0.00046553023053856043,0.0035289927687861557
156,0.007689359839435495,0.007878583267602062,nan,nan
157,0.00782028521140803,0.007938066975069468,nan,nan
158,0.007952378104552226,0.007926492373595072,nan,nan
159,0.007828599051858827,0.007939366645382667,nan,nan
160,0.007729485886941151,0.008368286427007989,0.00046418802081031705,0.0035288358980520855
161,0.00762056030036289,0.007974060588791389,nan,nan
162,0.0077623859947260395,0.007793078577578851,nan,nan
163,0.007737367641545305,0.008646257033041631,nan,nan
164,0.00765115953252974,0.008228233095427867,nan,nan
165,0.007522184018852149,0.007769777239981588,0.00042587054510162905,0.0014201104604782328
166,0.0075349294783688256,0.007755324485557974,nan,nan
167,0.00758589205819791,0.007842847423603486,nan,nan
168,0.007601821966173333,0.008120687944733012,nan,nan
169,0.007508433855286821,0.008015774819582518,nan,nan
170,0.007648565695390695,0.008236483049196709,0.00045312452148271623,0.0009886059320643726
171,0.007487656031398124,0.007930507444727283,nan,nan
172,0.007569673002221419,0.0076230385140467,nan,nan
173,0.007418947393043329,0.007702014424282432,nan,nan
174,0.0074441355941223305,0.007591095443434421,nan,nan
175,0.007479835114769044,0.007434379874516655,0.0004059346956494096,0.0014273857429883319
176,0.007318747212625108,0.00833290523679024,nan,nan
177,0.007567083103464291,0.007629274982276519,nan,nan
178,0.007423487422335451,0.007698020485557006,nan,nan
179,0.007370141105383477,0.007960343608688174,nan,nan
180,0.007381581996269171,0.007907615323625024,0.00045548573019127246,0.0018927871857603495
181,0.007416003238115301,0.008141381516778567,nan,nan
182,0.007485987536589003,0.007987079534986535,nan,nan
183,0.007599344634432974,0.00773815779160776,nan,nan
184,0.007601992053236456,0.008017157771206871,nan,nan
185,0.007477740361438245,0.007751045884285268,0.00042594555279818055,0.0015304913873054823
186,0.007294955115220953,0.007845841662075581,nan,nan
187,0.007643803037155262,0.007879178891522995,nan,nan
188,0.007450047309121421,0.007827722537968752,nan,nan
189,0.00734773346146627,0.007432173499137706,nan,nan
190,0.007303730661265709,0.007939747057461078,0.0004201334255721605,0.0019284228379673927
191,0.007342658285770502,0.00804959631160696,nan,nan
192,0.007666442763062229,0.008158462688671911,nan,nan
193,0.007319007500172981,0.0077914034955840665,nan,nan
194,0.007362048429712042,0.008322875420047893,nan,nan
195,0.007265521448009019,0.008114340534428555,0.0004702225923846387,0.0010690733133233107
196,0.007321665326816392,0.008338704279453971,nan,nan
197,0.007254447450620647,0.007960180367981495,nan,nan
198,0.007249331670144295,0.007570005160603754,nan,nan
199,0.007257736871981706,0.007531574651445713,nan,nan
200,0.007255861882371293,0.0076337987328463355,0.00040719246360578263,0.001233790442325158
201,0.007231654900717594,0.0077649818413420574,nan,nan
202,0.007258017278833071,0.007525906663593801,nan,nan
203,0.00717848894557534,0.007992117522937471,nan,nan
204,0.007224132606560018,0.007747886348187748,nan,nan
205,0.00723810521829088,0.007612023839632462,0.0004246886933953986,0.0013899839698171814
206,0.007368439314406901,0.008020404767547893,nan,nan
207,0.007283203446748697,0.008093031988216459,nan,nan
208,0.00719359135452171,0.007832750604037403,nan,nan
209,0.0071189785323021205,0.007828041665348583,nan,nan
210,0.007329897955159855,0.007943109299045336,0.0004262446018804041,0.0014061835470957427
211,0.007512321452027297,0.007730204142760852,nan,nan
212,0.007294455899012082,0.007660224998600987,nan,nan
213,0.007204615072722634,0.007678082147430071,nan,nan
214,0.007174282814959303,0.007637163724702203,nan,nan
215,0.007185473819790361,0.0076662940844289575,0.0004367684744604382,0.002376164707873334
216,0.007153056659088089,0.008031097495902122,nan,nan
217,0.007157233159422672,0.007718533428875385,nan,nan
218,0.007149859142021112,0.007615880087971015,nan,nan
219,0.007202836918530803,0.00764507618266022,nan,nan
220,0.007188901400654927,0.007944178843436943,0.00044415088514484927,0.002950407788069499
221,0.00709462898254607,0.007534589349584162,nan,nan
222,0.00721448037087204,0.007723302219839015,nan,nan
223,0.007310911356823324,0.008202773275835809,nan,nan
224,0.007364667904719488,0.00813454824213683,nan,nan
225,0.0071763329425519485,0.007715753192009483,0.00041208464747291063,0.0012855027420820395
226,0.007203522519972815,0.008252151487980404,nan,nan
227,0.00715678969594645,0.007702734288948804,nan,nan
228,0.007435033439199199,0.008152853739493385,nan,nan
229,0.007297297868995821,0.007967839179376997,nan,nan
230,0.0072494683558421225,0.007649342124472247,0.0004486323741441851,0.0022452362121103196
231,0.007598609492291468,0.008334812350486234,nan,nan
232,0.007668312512900415,0.008387004992997757,nan,nan
233,0.007600961353945053,0.0076549356219073085,nan,nan
234,0.007418805703992265,0.007955010309256006,nan,nan
235,0.0074000763872238895,0.007605345724499882,0.00041972988717476066,0.0019112855389532455
236,0.007239571442288045,0.0075322506197709905,nan,nan
237,0.007297765094047097,0.0075533176967075505,nan,nan
238,0.0073517558664317525,0.007413954736264774,nan,nan
239,0.007309387063300985,0.00768128639695232,nan,nan
240,0.00731248805241139,0.007723907229269626,0.00044325915474655085,0.0019045099384961239
241,0.007239969209488174,0.007843753243879089,nan,nan
242,0.007327429218975939,0.007587997083188347,nan,nan
243,0.007241525321534319,0.007666949723670741,nan,nan
244,0.00726165943897498,0.007671489381984985,nan,nan
245,0.007097716572620817,0.007761569832130492,0.00044103235987299436,0.002207458824865931
246,0.007152746425863055,0.007841550690534086,nan,nan
247,0.0071124737793874,0.007492236394665217,nan,nan
248,0.007120497747939706,0.008436234440430308,nan,nan
249,0.007137874992291581,0.007618753162229856,nan,nan
250,0.007122696234489584,0.00787519644880709,0.0004449619148018986,0.0019740752639622787
251,0.007094231588384204,0.007541859773911123,nan,nan
252,0.007216488503078136,0.007318588208875352,nan,nan
253,0.007138102663991294,0.0075908087779426444,nan,nan
254,0.007118722134284727,0.007921993525092427,nan,nan
255,0.007091032052107838,0.00758069681205658,0.00041644459252741594,0.0019447815567794954
256,0.00711607549344725,0.0073761736805401466,nan,nan
257,0.007038114830724146,0.0075231956378903325,nan,nan
258,0.007051359475696004,0.007775624019358123,nan,nan
259,0.007074250939250649,0.007958774013662026,nan,nan
260,0.007111302696554042,0.007494144731009934,0.00042777676531930055,0.0020984336418315886
261,0.007170948485897182,0.0077583808580508045,nan,nan
262,0.007101089501320452,0.007687856295457088,nan,nan
263,0.007275326885985935,0.008256114984611675,nan,nan
264,0.008142334873271562,0.008360798571323035,nan,nan
265,0.007446192850779725,0.007702627489580301,0.00042848026582176056,0.0016469124850859549
266,0.007230871567743905,0.007913424154021725,nan,nan
267,0.007195703444596098,0.007765648341427097,nan,nan
268,0.007106746409031759,0.007759412425801476,nan,nan
269,0.007061032055598793,0.007763538344370853,nan,nan
270,0.006995057436990074,0.007454372855785575,0.0004134951142356817,0.001002729101724057
271,0.0069747874686257975,0.007915906935376244,nan,nan
272,0.007017418243480833,0.00815697560302968,nan,nan
273,0.0071252765656540035,0.007675600267911673,nan,nan
274,0.006990686035358705,0.007798462823871759,nan,nan
275,0.007076161397975152,0.00760522908906871,0.0004209408214137078,0.001148640793099707
276,0.006932864593029517,0.007499186448912837,nan,nan
277,0.006937811659057056,0.00794598660053814,nan,nan
278,0.007015344015392245,0.008245915288105383,nan,nan
279,0.0075375555327812215,0.007704944642611812,nan,nan
280,0.0072240605042847095,0.008671033377843968,0.0004677511208677774,0.003728269443689611
281,0.007354443687795331,0.00808944600371314,nan,nan
282,0.007085583129104259,0.007503863385140612,nan,nan
283,0.007211824268344881,0.008082036243149784,nan,nan
284,0.007015865592029827,0.007652128768322994,nan,nan
285,0.0069952269503920405,0.007610639064790558,0.00043452216050390174,0.0023722787192097593
286,0.006922833931035813,0.007529910103134975,nan,nan
287,0.006928171910677654,0.007487841064840314,nan,nan
288,0.0069285237661760885,0.007684003806556954,nan,nan
289,0.006982913062958155,0.007881129500319673,nan,nan
290,0.00699443108615097,0.007633611783515579,0.00041990559571585104,0.001973654282051867
291,0.0069308870583046755,0.008595165041612422,nan,nan
292,0.0070713561335229835,0.007520762128959216,nan,nan
293,0.006822781175568793,0.0076230778012340685,nan,nan
294,0.0068118636380888956,0.007427557096967683,nan,nan
295,0.0068494517037836645,0.007745924873829981,0.00043093237527804375,0.0017739728404636867
296,0.00687043353524403,0.0075849348665930055,nan,nan
297,0.006939013919242224,0.007766687342234988,nan,nan
298,0.00751193548665547,0.009582581753617762,nan,nan
299,0.007610987447686577,0.007942203749371116,nan,nan
300,0.007111905666114177,0.007849641588650542,0.0004419985071234848,0.00228338597666626
301,0.006918514308770359,0.007971804490464128,nan,nan
302,0.006881758685335915,0.007608642850786505,nan,nan
303,0.006881399289492054,0.007829119435505577,nan,nan
304,0.006976737213940872,0.007476128237224247,nan,nan
305,0.0068658279618697415,0.007380207794360226,0.00042183617089259264,0.0016002155592392514
306,0.006849440534602695,0.007501029802115389,nan,nan
307,0.007244074923016558,0.007903621308375233,nan,nan
308,0.007063688339895985,0.007621649645698914,nan,nan
309,0.007331280958049924,0.007641802112308033,nan,nan
310,0.007268935899382036,0.007965004429193744,0.00044430638907034164,0.0018659092962978227
311,0.00707177252163295,0.007620410630197508,nan,nan
312,0.007474046162895487,0.008530014112491546,nan,nan
313,0.007577477342973663,0.008371191172075493,nan,nan
314,0.006957747354259164,0.007532166482173261,nan,nan
315,0.006919758117677184,0.00804755219936051,0.0004589287275216025,0.0031625489392170846
316,0.0068499445610555945,0.007835662563176074,nan,nan
317,0.006814267769806981,0.007349037537938733,nan,nan
318,0.006827625077014723,0.007869896672606763,nan,nan
319,0.0068429853232736355,0.007625668438358389,nan,nan
320,0.006815751047249338,0.008559085760142476,0.000509737523580276,0.0051696219578153055
321,0.006793586920215238,0.007642129861975828,nan,nan
322,0.006764504815461761,0.007684384483564117,nan,nan
323,0.006833625562277252,0.007737173740067394,nan,nan
324,0.006852187697937843,0.007528557799055142,nan,nan
325,0.00682886666084716,0.007773241376185961,0.00042687717426402263,0.0020530422145001804
326,0.006692074163218495,0.0074056926920956995,nan,nan
327,0.006780200613962998,0.007925220529281816,nan,nan
328,0.0067132663189011475,0.008066573787566861,nan,nan
329,0.006836466515610657,0.007663477039708924,nan,nan
330,0.006917041431766576,0.008077095606265572,0.0004375698294658164,0.0021170784076609632
331,0.00684558772466626,0.007348859635894005,nan,nan
332,0.006717275305634878,0.007404508607552137,nan,nan
333,0.006774949350315502,0.007788231686831955,nan,nan
334,0.0068964483890140375,0.00791984418187591,nan,nan
335,0.006728379267464012,0.007845820379933784,0.00044258385050491495,0.0028650848547713366
336,0.006832542404342818,0.00838440474385164,nan,nan
337,0.006773200151471471,0.007592628807080621,nan,nan
338,0.006656451339028975,0.0075418408659623,nan,nan
339,0.0068874909771680865,0.007571694175593133,nan,nan
340,0.006649936945107096,0.00749520814957704,0.0004144549028648901,0.0019539319891430564
341,0.00657647550060617,0.007897728410390067,nan,nan
342,0.006671821480075392,0.007591076424448043,nan,nan
343,0.006718732243403143,0.007559473885964868,nan,nan
344,0.006638881044717489,0.00785859492269865,nan,nan
345,0.006652879897109041,0.007566105239908815,0.00042487636031632656,0.002222663752090305
346,0.006584317291551811,0.00771601984445637,nan,nan
347,0.006732890790319846,0.007858620234655592,nan,nan
348,0.006574722736668109,0.007615588279311821,nan,nan
349,0.0066636071081406486,0.007497371008709305,nan,nan
350,0.0065942109917197424,0.008127291307609046,0.00044929354867882484,0.0025544994899133595
351,0.006648606228344838,0.007690218003191968,nan,nan
352,0.006581506066889201,0.007422302743383386,nan,nan
353,0.006639915170024851,0.007521229828237775,nan,nan
354,0.006534665550530558,0.008043033958601084,nan,nan
355,0.006577780564959422,0.007688490085406228,0.00043740328111472183,0.0032767282919098804
356,0.006559560236322439,0.007549535261383751,nan,nan
357,0.006520976135749611,0.007346039488749874,nan,nan
358,0.0065995146023970904,0.008188951607706402,nan,nan
359,0.006637782348618588,0.007517608057291031,nan,nan
360,0.006508597524217541,0.007769047190806929,0.000426676801765673,0.0014035864525404962
361,0.006539379245584345,0.007479972616507534,nan,nan
362,0.006560401232202357,0.007765890726579924,nan,nan
363,0.006608915363597363,0.007647735810669134,nan,nan
364,0.006562984652315305,0.0076856939266424,nan,nan
365,0.006670122627729949,0.008267076710624792,0.0004473212477591129,0.001968610156308389
366,0.0066014889263318775,0.007755146231023771,nan,nan
367,0.0065967891976718976,0.007753095269945009,nan,nan
368,0.006557719492106346,0.008083951693199401,nan,nan
369,0.006564941134173704,0.007670272347931694,nan,nan
370,0.0065025884751133125,0.00730338465024072,0.0004247895284830436,0.0025769954386648665
371,0.006515218462163371,0.007792241665007963,nan,nan
372,0.006449870675806325,0.00784970058767167,nan,nan
373,0.006481996549010525,0.007613731040798479,nan,nan
374,0.006523950269971036,0.007677448053630061,nan,nan
375,0.00656372736921292,0.007461312459641354,0.000410485664656429,0.0015840030594233114
376,0.006544932462649963,0.00753948637269174,nan,nan
377,0.006558816438720945,0.007330068678417308,nan,nan
378,0.006558882595305779,0.007725503898250774,nan,nan
379,0.006548065760109074,0.00749304786211273,nan,nan
380,0.006555460836087229,0.007777665240359639,0.00043891934015026355,0.002288564728542738
381,0.006491279732526805,0.0078123777983691075,nan,nan
382,0.006476258317666074,0.007416919231106563,nan,nan
383,0.006551176998847651,0.007824156190937168,nan,nan
384,0.006519838840250339,0.007543988915706444,nan,nan
385,0.006397171990697609,0.007706524763121965,0.00042087968464643707,0.0014498835671625649
386,0.006525870786362774,0.00790500553566776,nan,nan
387,0.006550194711031177,0.00797089168184317,nan,nan
388,0.00647089665577348,0.00772977034037769,nan,nan
389,0.006468534372675452,0.007585294436579816,nan,nan
390,0.00636324686678212,0.007745062681203684,0.0004177987900094663,0.001667764570532868
391,0.006461786496840628,0.007358754427656271,nan,nan
392,0.006456396554958253,0.00770581099440049,nan,nan
393,0.0064314283375184736,0.008026261735308078,nan,nan
394,0.006393523808854685,0.0077514695461370796,nan,nan
395,0.00640648908689672,0.007614703443954573,0.00042223382028779797,0.002038007815390155
396,0.006365273111937961,0.007605198252361577,nan,nan
397,0.006367114982046138,0.007920770993360315,nan,nan
398,0.006422568234478259,0.007590759928102226,nan,nan
399,0.0064421420283344,0.0076772539415064815,nan,nan
400,0.006396394187153718,0.00783109950379549,0.0004194716615824968,0.0022586826544440004
401,0.006389623649256897,0.007688459933964245,nan,nan
402,0.006449025875892185,0.00806363492195624,nan,nan
403,0.006439898697275801,0.007396199585005646,nan,nan
404,0.0063340509489195436,0.007609164758576744,nan,nan
405,0.006334378338247684,0.007561159001946622,0.0004151586485026022,0.001538591805420531
406,0.006375629652728179,0.0076659107875083855,nan,nan
407,0.006445927711422065,0.00794933652813061,nan,nan
408,0.006368531369751423,0.007884951136561909,nan,nan
409,0.006402523182107105,0.007898283734362285,nan,nan
410,0.006415225685377885,0.007866784876198773,0.00043686139656281224,0.0022805868334779254
411,0.0063756440221650655,0.007654789727097623,nan,nan
412,0.006549621673223528,0.007914439822621163,nan,nan
413,0.006356524249798937,0.007748775552033105,nan,nan
414,0.0064245359070851495,0.007726513810420752,nan,nan
415,0.006359608057519315,0.008008649727014415,0.000430306081601403,0.0015520172255415155
416,0.006348999400152027,0.0076009467794112716,nan,nan
417,0.006371405704168165,0.007884835887499475,nan,nan
418,0.0063057213692253805,0.007543644978257172,nan,nan
419,0.006320713809018008,0.007986359351978807,nan,nan
420,0.006335057552283125,0.00782139202171651,0.0004180483294000189,0.0014978588434835288
421,0.006401443994288052,0.007949386840386732,nan,nan
422,0.006464859121426049,0.008302221409554124,nan,nan
423,0.006509699512671174,0.008155476620249848,nan,nan
424,0.006361941020462636,0.0074031099718310745,nan,nan
425,0.006261065331466638,0.007699886041721135,0.0004191138117867214,0.0017455658040011598
426,0.00639826893919687,0.007675871421170636,nan,nan
427,0.00648420806839126,0.00781823905126903,nan,nan
428,0.006331702902433416,0.007803023565055547,nan,nan
429,0.006340731401720356,0.007691330211503294,nan,nan
430,0.006215328919519077,0.007742677529717316,0.0003980434519634324,0.001218546195607812
431,0.006242725603557438,0.007553269875354588,nan,nan
432,0.006361792860287318,0.007959999203274865,nan,nan
433,0.006243659262938191,0.007843086676733432,nan,nan
434,0.00626679580186036,0.007627753916783671,nan,nan
435,0.006225425067245313,0.007663812225747653,0.00041134357754716135,0.0015818637110007455
436,0.006305166886763798,0.007936528667471939,nan,nan
437,0.006269398095003492,0.007472235512178463,nan,nan
438,0.006491423933794865,0.008771165076496302,nan,nan
439,0.006399177067960219,0.00793414852643587,nan,nan
440,0.006281781368827382,0.00783639788559553,0.0004051631640516736,0.0015148092933002766
441,0.006287329479270271,0.00776776240851239,nan,nan
442,0.006207386351215794,0.007699917172394157,nan,nan
443,0.006379174339998908,0.007922037701639066,nan,nan
444,0.007546842149583763,0.009192692075688996,nan,nan
445,0.006957544253971268,0.008134316189710859,0.0004339829911031462,0.0023669488417393044
446,0.006592686951160231,0.007777927960437085,nan,nan
447,0.006347652555663091,0.007941877739516335,nan,nan
448,0.006327364315663025,0.00780656097604863,nan,nan
449,0.006358571304481402,0.007745861313619756,nan,nan
450,0.006320190587157874,0.007949923269833483,0.00041361456393664014,0.0015216072046020863
451,0.006388918001663738,0.007934656022989341,nan,nan
452,0.006326201358381363,0.00826803904592662,nan,nan
453,0.006513687980677881,0.007885155033525977,nan,nan
454,0.0063282019168922525,0.007973386585948775,nan,nan
455,0.006338307103619673,0.007890643761833061,0.00041368682142758727,0.002670546269813414
456,0.006307251862605458,0.007801915560052035,nan,nan
457,0.006287508831331763,0.008290936285905076,nan,nan
458,0.006311342974945936,0.007732896694162922,nan,nan
459,0.006266045289563891,0.008127726708888063,nan,nan
460,0.00627989724356133,0.00793966519677911,0.0004178682069681211,0.001949871845819445
461,0.006265677652055682,0.007656511741190135,nan,nan
462,0.006446614032561576,0.00785398400102106,nan,nan
463,0.0062247933335244825,0.007543612680313793,nan,nan
464,0.006174173054194659,0.00777656723103879,nan,nan
465,0.006254146236754276,0.007615274689712386,0.00040978385401964996,0.0009498107156111509
466,0.0063071126907825945,0.007909586475745333,nan,nan
467,0.006149546763641742,0.007696098778089062,nan,nan
468,0.0061805722105087585,0.008097191288595035,nan,nan
469,0.006260119806035541,0.007800898709691753,nan,nan
470,0.006531582949056264,0.007970702446217151,0.00042814782431850287,0.0011771705076126706
471,0.006528747270554792,0.00787812954619367,nan,nan
472,0.006283118601140744,0.008023928908345664,nan,nan
473,0.006320924778992893,0.00798403836919071,nan,nan
474,0.006592157280885396,0.007920949203018945,nan,nan
475,0.006340685833326694,0.007883981177242979,0.0004189392372128521,0.0022676716151168765
476,0.006212990120669963,0.007612769416653715,nan,nan
477,0.00621525363478605,0.007647228831897767,nan,nan
478,0.006170358791861594,0.007661440571698855,nan,nan
479,0.0063661987141390595,0.007527586741099084,nan,nan
480,0.006423938889612108,0.007897400689647078,0.00042666972175368586,0.0017822849599590316
481,0.006205362158481829,0.007404684957598511,nan,nan
482,0.006143754292567548,0.007691849147227637,nan,nan
483,0.006102255119523085,0.007708910620879072,nan,nan
484,0.006135161366213746,0.007885789332720187,nan,nan
485,0.006190393468694178,0.0073511238220462195,0.0004019384716354777,0.0013056485871559176
486,0.006095908767057191,0.007617625990695375,nan,nan
487,0.0061596549466197805,0.007856366832625692,nan,nan
488,0.006114630596088421,0.007861625181483861,nan,nan
489,0.006056810444908715,0.007869099057276719,nan,nan
490,0.0068533080195408835,0.008117469897292201,0.00043099549295862676,0.0018757963299671835
491,0.006344499153659513,0.00748899196263458,nan,nan
492,0.0061663240203307145,0.007701414548190421,nan,nan
493,0.0061187572023057,0.007655929549668083,nan,nan
494,0.006086518052359715,0.007877930180314435,nan,nan
495,0.006403035895322855,0.007726463465982274,0.00041491085334593476,0.001147694994261452
496,0.006061835275466347,0.0076875179480775215,nan,nan
497,0.006074904543390967,0.007337226064435615,nan,nan
498,0.006052498409930498,0.007646708123054759,nan,nan
499,0.006041919636774786,0.007655027942922262,nan,nan
500,0.00609941564433882,0.007702957081954786,0.00040308060884888065,0.0018599535939353628
501,0.00606853157433672,0.007940910730527575,nan,nan
502,0.006064723722594064,0.0073432135283938,nan,nan
503,0.006013381781985175,0.007709884907685902,nan,nan
504,0.0060194868450325,0.00788951443256425,nan,nan
505,0.006156322703254428,0.008256513934345231,0.0004384293762768508,0.0028036951049022645
506,0.006123903038416741,0.008392567683268303,nan,nan
507,0.006377940533080661,0.008045511349045822,nan,nan
508,0.006157318594074417,0.007173157481800398,nan,nan
509,0.006103849484123147,0.007549691507342303,nan,nan
510,0.006029641939107302,0.007643976683627637,0.00041229201857218386,0.001601335298419697
511,0.006186435003526661,0.00789321518727002,nan,nan
512,0.006051709153676339,0.0077220476170126295,nan,nan
513,0.006049614512345635,0.007783963559034769,nan,nan
514,0.0060455607313213144,0.007856771061613666,nan,nan
515,0.006071234467410922,0.007861037048301264,0.00041848468545950155,0.0015716382171013378
516,0.006022728219195086,0.007687879708149514,nan,nan
517,0.006005416309284813,0.007575557783862504,nan,nan
518,0.00599957970627887,0.007774177080110397,nan,nan
519,0.006024098659801979,0.007947011718394159,nan,nan
520,0.006045012437640401,0.00788661682024147,0.00041228344502545133,0.0012892661506471975
521,0.006001169365015223,0.007932509507102363,nan,nan
522,0.005967624048588116,0.007889053102303218,nan,nan
523,0.0059780804621731055,0.0082396493489809,nan,nan
524,0.005983997208420926,0.008115154378371792,nan,nan
525,0.005978391673749897,0.007936190199282165,0.00041852288470147376,0.002234166525340625
526,0.006051442438170461,0.007792785236073455,nan,nan
527,0.006020001853947538,0.007724476311957465,nan,nan
528,0.006002002698502249,0.007848498067355672,nan,nan
529,0.0059572576246179135,0.007831633247840827,nan,nan
530,0.005960379434625321,0.007941039913370909,0.00041019146302079365,0.0018345956829983717
531,0.006043880994765497,0.008163788785209682,nan,nan
532,0.0060375389298057925,0.00784028663519357,nan,nan
533,0.005996519772870032,0.007896620137593402,nan,nan
534,0.005997298095525972,0.007730122656528746,nan,nan
535,0.005922923437955364,0.007574481479659588,0.00041460607814749383,0.0010573143979660865
536,0.005948492372958931,0.007708850727716382,nan,nan
537,0.0059204124957271155,0.00751260080938783,nan,nan
538,0.005922206481778654,0.00789952764669286,nan,nan
539,0.005901092521109105,0.007883237261404202,nan,nan
540,0.0059017419498340416,0.007543399831599801,0.00041144766753284053,0.0013649931510705063
541,0.005914904311205815,0.007865480365277238,nan,nan
542,0.005908978465354317,0.007592510513331372,nan,nan
543,0.005882677832990695,0.007789668539017097,nan,nan
544,0.005877083440060706,0.007783994045611343,nan,nan
545,0.005858267686939389,0.00770078109562246,0.00040624656848914343,0.001781727859654603
546,0.005882573114711211,0.0077733592282562365,nan,nan
547,0.005930610228394899,0.00777113950722474,nan,nan
548,0.0059205754101536,0.008016861394731149,nan,nan
549,0.005883532946193394,0.00794622821353907,nan,nan
550,0.0059217006288761,0.0077966520173659145,0.00041552335623635985,0.0013080923808380263
551,0.005899007199001366,0.007817951362906266,nan,nan
552,0.005879548102728696,0.007877861753210808,nan,nan
553,0.0058782369755051725,0.007843181849172568,nan,nan
554,0.005871613440819626,0.00811100688403172,nan,nan
555,0.0058769207126526,0.007557766667780956,0.00041349385917197214,0.0023259350719572794
556,0.005849194582021516,0.007696157399290448,nan,nan
557,0.005836090529726689,0.007651179189422068,nan,nan
558,0.005830614858763831,0.008108929353469033,nan,nan
559,0.005823877724940727,0.007883748731776639,nan,nan
560,0.005814397307945808,0.007829956303931034,0.0004088174096818193,0.0017052937392606088
561,0.00583335430266698,0.007614320543837402,nan,nan
562,0.005812009859517811,0.008145376815306844,nan,nan
563,0.005897044814743553,0.007841476692456741,nan,nan
564,0.0058202234004039845,0.008320625149928543,nan,nan
565,0.005773742729374846,0.007803098780052816,0.00040029785396644685,0.0015280271008387986
566,0.005838777389625582,0.008351342682987846,nan,nan
567,0.005790974016527818,0.007837300469381967,nan,nan
568,0.0057986349608250805,0.00796822202288018,nan,nan
569,0.005775365064318468,0.008075707094788106,nan,nan
570,0.005800480057973841,0.0078485170371418,0.0003949454882712069,0.0013180984565179835
571,0.005793478060393915,0.00790034126929113,nan,nan
572,0.005807415936169165,0.007891876967660898,nan,nan
573,0.0057683366610388745,0.007955861486979354,nan,nan
574,0.0058410279036677365,0.007924511566683569,nan,nan
575,0.005809198159483536,0.008149213745862968,0.0004029766896213742,0.0016746746721803905
576,0.005762607251466472,0.007894695572916317,nan,nan
577,0.005809958964224952,0.008014085600153735,nan,nan
578,0.005784446113323794,0.008116750257340677,nan,nan
579,0.005773250519840026,0.008173582642992365,nan,nan
580,0.005855888839983926,0.00772557670681655,0.0004124538258123268,0.001299114979479432
581,0.006001467680561408,0.00806883687272303,nan,nan
582,0.005818618464946971,0.007968117495204123,nan,nan
583,0.005781637120799934,0.007863204061091773,nan,nan
584,0.0057977655339827225,0.00788974797560059,nan,nan
585,0.005757357433641795,0.008024643788846802,0.00040929084649926227,0.00182270117240699
586,0.005805719306713899,0.007782241497033792,nan,nan
587,0.005773896699033247,0.007919742235528134,nan,nan
588,0.005785188842964719,0.008166151202079697,nan,nan
589,0.0057483275355112926,0.007953853340510124,nan,nan
590,0.005769200560130156,0.00791650039836146,0.0004139532902775356,0.0015587907943020837
591,0.005807848827814902,0.008071299903209345,nan,nan
592,0.0057417289386483055,0.008010641899408743,nan,nan
593,0.005799099786589304,0.008211142729658703,nan,nan
594,0.005778016922936287,0.007936386169894708,nan,nan
595,0.005796614373025151,0.008283151838746039,0.00043789199047421706,0.0019633861547545726
596,0.005850329754255592,0.007900550930940865,nan,nan
597,0.0057490151667592354,0.007866486621632616,nan,nan
598,0.005763621922855876,0.007969213784313428,nan,nan
599,0.005721047328801387,0.007871283124188756,nan,nan
600,0.0057513160167283976,0.00804739505476722,0.0004081124122697907,0.001356373944305448
601,0.005723189428673239,0.008013666568180413,nan,nan
602,0.00583505064012445,0.008000483963188778,nan,nan
603,0.00573169882951583,0.008044356764321728,nan,nan
604,0.005745135460461992,0.008004926191075618,nan,nan
605,0.0057269511135546805,0.007946353220876104,0.0004072034474534873,0.0010595250648867149
606,0.00573871342653548,0.008113085658978857,nan,nan
607,0.005681418678581115,0.007805701774584217,nan,nan
608,0.005670054709831527,0.00806312583942479,nan,nan
609,0.005727552918506033,0.007939023495867566,nan,nan
610,0.005781731719399315,0.007925324028245759,0.0004059324083263093,0.0011537195485167755
611,0.005763231437178418,0.007951597102388996,nan,nan
612,0.005753343399471211,0.007688703154566553,nan,nan
613,0.00578584277774175,0.00770782393665865,nan,nan
614,0.005759318156850887,0.008002358619939209,nan,nan
615,0.005804097016091037,0.008094725588264922,0.0004080560911870056,0.001540964354701731
616,0.00573177361617388,0.008252142962632662,nan,nan
617,0.005803762453002952,0.00809419512002402,nan,nan
618,0.005832077707243994,0.008020753295279561,nan,nan
619,0.005770334326456308,0.008004775999219282,nan,nan
620,0.005725829832939511,0.00798456304398963,0.0004187994403587781,0.0015467316468883597
621,0.005781130154261841,0.007971061177665424,nan,nan
622,0.005764498775116721,0.007949301945745403,nan,nan
623,0.005749022507255602,0.007937704851218903,nan,nan
624,0.005695622552105572,0.007993900893844,nan,nan
625,0.0056584514589656885,0.008042162623321147,0.0004231695329484215,0.0009037220723564752
626,0.005777729407938674,0.007888806599325207,nan,nan
627,0.005654037733242747,0.008215827615040859,nan,nan
628,0.005684615872397357,0.008040841424022421,nan,nan
629,0.00574227043598844,0.008415780619358344,nan,nan
630,0.0056874390194317495,0.008084283051278814,0.0004074693877689632,0.0011167866803703673
631,0.005677548964824176,0.008232840389766346,nan,nan
632,0.005649196328150201,0.00813933737751691,nan,nan
633,0.005712471685434624,0.008167247841038738,nan,nan
634,0.0056376304415446605,0.008148278570279593,nan,nan
635,0.005639991060174116,0.008224098333674875,0.0004084777579701858,0.001631919459227594
636,0.005629321329735772,0.008317574944260425,nan,nan
637,0.005657929560275568,0.008397740101527785,nan,nan
638,0.005690564665425265,0.00827678814164179,nan,nan
639,0.005662566388491229,0.008192067789620398,nan,nan
640,0.00563216973660782,0.008224832746002003,0.00040514165613120295,0.0011655886920458325
641,0.00564782218037572,0.008478572247737482,nan,nan
642,0.005617833255594394,0.008331739556623061,nan,nan
643,0.00563970011756295,0.008359105691305655,nan,nan
644,0.005642401955276358,0.00821974664795553,nan,nan
645,0.005622719365555935,0.00844448003548369,0.00040174398127441576,0.0010724562612437264
646,0.0056813374644767885,0.008155315145978236,nan,nan
647,0.005612601748047317,0.008548384103122005,nan,nan
648,0.005582841072421145,0.008270968871945773,nan,nan
649,0.005583203558474136,0.008212832803913777,nan,nan
650,0.005601919624346278,0.008176922333955733,0.0004029646361476308,0.001329360449784015
651,0.005623483997215863,0.008011259366612702,nan,nan
652,0.0055971090480242,0.00815273544085781,nan,nan
653,0.005586911688937612,0.008149887295288195,nan,nan
654,0.005567420238185701,0.008184136545085412,nan,nan
655,0.005572254657060892,0.008264646981856857,0.000403707270556834,0.0017174878597479163
656,0.005629006621911281,0.008260724466283266,nan,nan
657,0.0055653376958919995,0.008102304513559793,nan,nan
658,0.005577370777949637,0.008207978437199852,nan,nan
659,0.005590206090961076,0.008284509928910277,nan,nan
660,0.005622842693193901,0.008233030711280115,0.00039868420369073903,0.0010217645107795789
661,0.005554247416983537,0.00809648468176775,nan,nan
662,0.005540060260772934,0.00830238178125708,nan,nan
663,0.005572042453375032,0.008101209664063335,nan,nan
664,0.0055588702884471234,0.008163682510868521,nan,nan
665,0.005589561424589783,0.008001151915636044,0.0004114975486890622,0.0012846889036119253
666,0.005570458103787686,0.00797977034692694,nan,nan
667,0.005537099466451216,0.008058463606995555,nan,nan
668,0.005557777014027775,0.00806513839931387,nan,nan
669,0.005514997384692935,0.008009924623765211,nan,nan
670,0.005526863484405982,0.008247333634424581,0.0004124061429090456,0.0010012966344989701
671,0.005522523097770904,0.008246683296678423,nan,nan
672,0.00552355777518438,0.00826261031642797,nan,nan
673,0.005521107485023654,0.00819904855695671,nan,nan
674,0.0055111219933043675,0.008187450529759683,nan,nan
675,0.005521376232326215,0.007983156102412362,0.00041062146947515034,0.001322950038187862
676,0.005526904458155956,0.008191770830604708,nan,nan
677,0.005514358049836969,0.008233625304354677,nan,nan
678,0.005541868553923979,0.008046023518162932,nan,nan
679,0.005532459413366701,0.008136103933879495,nan,nan
680,0.00552403552669072,0.008296269715695444,0.0004119968913606336,0.0015223928541915274
681,0.005626251785848804,0.007975402996206873,nan,nan
682,0.0055610042978956305,0.007975115658929466,nan,nan
683,0.00553349189335166,0.007901871305629889,nan,nan
684,0.005507695543199555,0.007824409795207685,nan,nan
685,0.005543881806912731,0.007879376260411188,0.00040735009487499686,0.001314197843146174
686,0.005520609722363467,0.00805360546590341,nan,nan
687,0.005541117895491318,0.008110264541870858,nan,nan
688,0.00551787786039312,0.008177233410354633,nan,nan
689,0.005529565910427242,0.008040466918220815,nan,nan
690,0.005520591245268317,0.008175928620519341,0.0003988741461946197,0.0013496354356115257
691,0.005523356615536686,0.008285070439577534,nan,nan
692,0.005494724935782721,0.008378282779940717,nan,nan
693,0.00552630911658427,0.008237479018543273,nan,nan
694,0.005516803152671493,0.00821843468875615,nan,nan
695,0.0055057891995034655,0.008009455307674267,0.00040788047599970255,0.00123270082188408
696,0.00546523197685479,0.008171750562039283,nan,nan
697,0.005459087278417131,0.00811793277837213,nan,nan
698,0.005459083720512277,0.008341021499433771,nan,nan
699,0.005493338476222853,0.00819304725789895,nan,nan
700,0.005460035267557019,0.00825196355453228,0.00041023407556981016,0.001074971117615114
701,0.00545816680011275,0.0084076934310869,nan,nan
702,0.005439602798100091,0.008205299351502314,nan,nan
703,0.005434535138043202,0.008276920463753244,nan,nan
704,0.005448991858182907,0.008244781031509983,nan,nan
705,0.005443395727238843,0.008220360555667298,0.00039542528206810236,0.0011311913679363421
706,0.00543642783963216,0.008194136121982585,nan,nan
707,0.005437056315833304,0.008219505832773751,nan,nan
708,0.005420695810107897,0.008200657832322922,nan,nan
709,0.00542952817671482,0.008272680554940206,nan,nan
710,0.005424674148106305,0.008105460499881612,0.000404548652003344,0.0010321603554556608
711,0.005414912560659884,0.008206462712237076,nan,nan
712,0.0054332399982763326,0.008301633439754555,nan,nan
713,0.005424265257456342,0.00821217075746249,nan,nan
714,0.0054338969135464595,0.008162813376064232,nan,nan
715,0.005430999905110726,0.008167796680855852,0.0004034133990605554,0.0010294981570941617
716,0.005477200573954137,0.008134090816331397,nan,nan
717,0.005423383944724765,0.008107734133717796,nan,nan
718,0.005412182019587971,0.008178708846938616,nan,nan
719,0.005435658721802699,0.008202348298832061,nan,nan
720,0.005412245163677898,0.008253089206082271,0.0003962205589070339,0.001145586098412606
721,0.005386147661138944,0.008208986473525984,nan,nan
722,0.0054094583211870715,0.008222941163915634,nan,nan
723,0.00541566620278083,0.008305257310136701,nan,nan
724,0.005414029660574861,0.008371787911258298,nan,nan
725,0.0053776637065283284,0.008318450772264724,0.00040192308341075746,0.000983850022608667
726,0.005385252222403908,0.008442411290198841,nan,nan
727,0.0053984528457903525,0.00818404300653272,nan,nan
728,0.005401426364288959,0.008320126399169148,nan,nan
729,0.005401319534127138,0.008300721478995469,nan,nan
730,0.005378536661682603,0.008341709041556638,0.000413731152242733,0.0010151885233174488
731,0.00538136729407647,0.008399309235778973,nan,nan
732,0.005361878785075994,0.008295211291178555,nan,nan
733,0.005379483282720139,0.008408977251898436,nan,nan
734,0.005382528022283518,0.008287283513857205,nan,nan
735,0.005368048071687728,0.008324746152123443,0.0004039646848459342,0.0011600678747029892
736,0.005364351206635315,0.008274918079105282,nan,nan
737,0.0053738472189586205,0.008369476555937281,nan,nan
738,0.005355977434220134,0.008361115979558452,nan,nan
739,0.005358672219422266,0.0083830185665779,nan,nan
740,0.005345844585684548,0.00846777037412877,0.00041599678762830835,0.002020151184081089
741,0.005346965857063626,0.00829381102904095,nan,nan
742,0.00534880872117499,0.008315063113470932,nan,nan
743,0.005337834500925433,0.008346607022103361,nan,nan
744,0.005339663989353474,0.008352637395701702,nan,nan
745,0.005341815028651455,0.00840775754530544,0.0004088352309628778,0.000923715322550932
746,0.005335243168383609,0.008343610407079377,nan,nan
747,0.0053397833556565865,0.008375058063057553,nan,nan
748,0.005338864179335373,0.008223792212853392,nan,nan
749,0.005350957975311144,0.008357306851076121,nan,nan
750,0.0053369300539054575,0.008279775589243515,0.0004037617499993411,0.0010909036767103877
751,0.005339111102289473,0.008260683497862636,nan,nan
752,0.0053326703045558045,0.008288956806164748,nan,nan
753,0.0053186593031587445,0.008282847402134544,nan,nan
754,0.005334323007519961,0.008272012746667648,nan,nan
755,0.005312211229687443,0.00837957439438666,0.00040891574315922376,0.0013454577799163123
756,0.005322388712030283,0.008385118763910017,nan,nan
757,0.005309466240615696,0.008291107484303166,nan,nan
758,0.005313862501388108,0.008210285088111863,nan,nan
759,0.005316685407497795,0.008247276853177818,nan,nan
760,0.005305722190366771,0.008331591537777848,0.000404990693530654,0.001055409907997167
761,0.005319962279287785,0.008321149976596734,nan,nan
762,0.005293771682028593,0.00830730867913947,nan,nan
763,0.005305195388934409,0.008297436326286564,nan,nan
764,0.005312490779934969,0.00833657810641083,nan,nan
765,0.005299667431144793,0.008332392760003063,0.0004062353238275007,0.001254916958858725
766,0.005287262206487906,0.008336684025398116,nan,nan
767,0.00529479504600333,0.00829112252963907,nan,nan
768,0.005295481388142468,0.008347515691500397,nan,nan
769,0.0052884903477003154,0.008351872671076975,nan,nan
770,0.005265410473325247,0.008303324368948251,0.00039764168441020056,0.0008496658346980436
771,0.005266828354856066,0.008436465267904805,nan,nan
772,0.0052783516643572816,0.008404064962053821,nan,nan
773,0.005286623946394765,0.008377329892940669,nan,nan
774,0.005293023412617192,0.008351129257013366,nan,nan
775,0.005297828877698495,0.008283310524947216,0.0004039309483065709,0.000887848181634863
776,0.005278982141651344,0.008221156431914468,nan,nan
777,0.005265648406772381,0.008242038790268675,nan,nan
778,0.005280404649521873,0.0083825748981963,nan,nan
779,0.005261131631238754,0.008328464841500452,nan,nan
780,0.005256580701623305,0.008249031211942716,0.00040472400653821785,0.0014167533893901267
781,0.005261305661002289,0.00831160252198744,nan,nan
782,0.0052558231335267614,0.008341298793288543,nan,nan
783,0.005258536487916615,0.008402174569085867,nan,nan
784,0.005252265965163096,0.008319909793038666,nan,nan
785,0.005267307732938037,0.008333377068721459,0.0004071799432303582,0.0009863673964262787
786,0.005242157741571216,0.008350579266719131,nan,nan
787,0.005237954160778047,0.008224626753871048,nan,nan
788,0.005246397749723009,0.008340149505791561,nan,nan
789,0.005244082943482297,0.008367803054416338,nan,nan
790,0.00523462388471275,0.008324649468686163,0.00040831169293875094,0.0011339546928992373
791,0.005240421543712244,0.008354244400442596,nan,nan
792,0.005249494863856021,0.008293335281477365,nan,nan
793,0.0052422594420388,0.00831462706197352,nan,nan
794,0.005240853893835927,0.008295122213673354,nan,nan
795,0.005225836390535003,0.008264860157224576,0.00039917213393535276,0.0008691236808048271
796,0.0052499504256890185,0.008335282949883746,nan,nan
797,0.005233527417906884,0.008380106128972397,nan,nan
798,0.00523622730719806,0.008398550965598238,nan,nan
799,0.005233584831975323,0.0083042083496477,nan,nan
800,0.005225320222590281,0.008366570028708602,0.0004019512298921059,0.0008702491083096918
801,0.005220677105706865,0.008318698606513932,nan,nan
802,0.0052225976236088285,0.008201648590992136,nan,nan
803,0.005228291832987189,0.008293866873797991,nan,nan
804,0.005218764295985094,0.008313296794046191,nan,nan
805,0.005218636491026769,0.008402550514387992,0.0003941214979091463,0.0012234995942596151
806,0.005208714742407895,0.008410450871836134,nan,nan
807,0.00521182697453808,0.008386453741469669,nan,nan
808,0.005216830397095295,0.00831533914137402,nan,nan
809,0.005204554935098741,0.008315779265090905,nan,nan
810,0.005217987349906245,0.00834272402769916,0.00040488685069447783,0.0010486401700102363
811,0.005206254858949416,0.008347324497187641,nan,nan
812,0.005211345581977097,0.008381610778318217,nan,nan
813,0.005196847792169355,0.008394467670060699,nan,nan
814,0.005200223296415622,0.008339083369753014,nan,nan
815,0.005194211065920817,0.008413158663690176,0.000400935959571347,0.0010675098153478568
816,0.0052014073347899726,0.008347122668599914,nan,nan
817,0.005192200987907302,0.008378972130229003,nan,nan
818,0.005202687840250058,0.008327685049242445,nan,nan
819,0.005191562517549537,0.0083288400562687,nan,nan
820,0.005182148185690793,0.008356749624357179,0.00039745812190697144,0.0009984343811565628
821,0.005174723680977687,0.008403067868515201,nan,nan
822,0.0051940087094441085,0.008398739712647783,nan,nan
823,0.005173851298011787,0.00841969676198288,nan,nan
824,0.005187132118883427,0.008401022263692617,nan,nan
825,0.005179857054174669,0.008447679167056459,0.00040011806510104476,0.0013675641540419922
826,0.005184762178403712,0.008445206966620473,nan,nan
827,0.005175669629609011,0.008485152505085676,nan,nan
828,0.005182740227756018,0.008420755400150177,nan,nan
829,0.005179167514712696,0.008460665452315956,nan,nan
830,0.00517640337750628,0.008379606452843882,0.0003985397902493452,0.0010746787557757433
831,0.005170375708203642,0.008403259037947006,nan,nan
832,0.0051692651719092144,0.008431905037707193,nan,nan
833,0.005163670911074061,0.008402620722248677,nan,nan
834,0.005168230240378399,0.008440706467550477,nan,nan
835,0.005164085691342684,0.00842230095664097,0.00039964861270539803,0.001107265710160885
836,0.00516671148271992,0.008443433055024001,nan,nan
837,0.005161604211960521,0.00839082412581211,nan,nan
838,0.005158793981026513,0.008419001736928566,nan,nan
839,0.005163864767381937,0.008448497674801646,nan,nan
840,0.00516683873092288,0.008375689318969067,0.0004055251553325787,0.0009714731417325482
841,0.00515525767478527,0.008388688490145199,nan,nan
842,0.005153062968018632,0.008439264068149275,nan,nan
843,0.0051501074312611,0.008439328009717615,nan,nan
844,0.005144227614721695,0.008452026072263667,nan,nan
845,0.005149063457502707,0.008435600098663275,0.00039942675902593247,0.0011985174761653763
846,0.005140789420414305,0.008529454259681081,nan,nan
847,0.005149780876345216,0.008412540969075465,nan,nan
848,0.005145065304742217,0.008503446403932186,nan,nan
849,0.005145043225165588,0.0084900996849294,nan,nan
850,0.005134581365132094,0.008413232111466074,0.00039677350355291215,0.0009630077794163045
851,0.005139469250451475,0.008465772607396223,nan,nan
852,0.005140351056820961,0.008550895391866258,nan,nan
853,0.005139781253642469,0.008501191793350895,nan,nan
854,0.005130493033853774,0.008488515936686983,nan,nan
855,0.005137961893849796,0.00852626801913593,0.0004051336974853031,0.0010638240057592428
856,0.005131501840537003,0.008476243219023273,nan,nan
857,0.005127028900250635,0.00846740309801211,nan,nan
858,0.00513521619687529,0.008459066712431058,nan,nan
859,0.0051331009154378425,0.008457489505013896,nan,nan
860,0.005135353736849212,0.008502187969046462,0.000400453843088765,0.0012149533966141963
861,0.005127654833924176,0.008483393333176967,nan,nan
862,0.005130456095639418,0.00849793623184138,nan,nan
863,0.005121710590950851,0.008484908616292277,nan,nan
864,0.005121873961721405,0.008498249586110843,nan,nan
865,0.005128778873959093,0.008488156519805065,0.00040703581001179053,0.000994423473341879
866,0.005114061139534617,0.00848993731089976,nan,nan
867,0.005120095073572298,0.008460931625116552,nan,nan
868,0.005113691350822034,0.008475503765299113,nan,nan
869,0.005113638404750494,0.008522684482345139,nan,nan
870,0.005115656529496895,0.008503466950653779,0.00040647728584991555,0.0011177080323459805
871,0.005108511779255035,0.008478524553597499,nan,nan
872,0.005102856639706154,0.008590907852895879,nan,nan
873,0.005108398413603384,0.008537575617976717,nan,nan
874,0.005112433930549286,0.008515600845987835,nan,nan
875,0.005110694160656736,0.008472048130067014,0.00040051182215001575,0.0009513957206832484
876,0.005114658660068878,0.008486282568763725,nan,nan
877,0.005112381331342922,0.008463561126676762,nan,nan
878,0.005103247193443624,0.00846482007238017,nan,nan
879,0.0051033672709382945,0.008494050525582202,nan,nan
880,0.0051056815869297435,0.008444041468651487,0.00039944189179687506,0.0009328435505835123
881,0.005113262752167977,0.00845098837672273,nan,nan
882,0.005102759905741047,0.008506990763618365,nan,nan
883,0.005103662906763468,0.00850316467087798,nan,nan
884,0.005103891800716409,0.008478965791958443,nan,nan
885,0.005098007745054207,0.008502160923510787,0.00040243807832801207,0.0010194741842346224
886,0.0050977920835440374,0.008464340166889824,nan,nan
887,0.005096940066429117,0.008509311868676952,nan,nan
888,0.005099574190833124,0.00850007419356814,nan,nan
889,0.00509872233045718,0.00847203606887241,nan,nan
890,0.005089488033793735,0.008451092978311493,0.00040129211963402104,0.000990916130318697
891,0.005089502723854064,0.008465360082324696,nan,nan
892,0.0050899565369453914,0.008476897371249228,nan,nan
893,0.005091203278273951,0.008504226409896764,nan,nan
894,0.005089446145564573,0.008499253305058714,nan,nan
895,0.005081775288057546,0.008502413113049407,0.0004034544017241647,0.0010310925476804597
896,0.005084078624058136,0.008475244779666807,nan,nan
897,0.005084511628421637,0.008499853896070822,nan,nan
898,0.005085198864215072,0.008521042280047395,nan,nan
899,0.005087237680765368,0.00851519984916435,nan,nan
900,0.005080504183790742,0.008501356802065253,0.00040373541114115965,0.0009625251937991217
901,0.005082927547049151,0.008513676631665966,nan,nan
902,0.005081910978566471,0.008499159434572816,nan,nan
903,0.005076685700126838,0.008530813791367766,nan,nan
904,0.0050792307809664535,0.008509701348653824,nan,nan
905,0.0050765197098820505,0.008498297120574667,0.0004017854964647695,0.0010018319121088025
906,0.005073170714779681,0.00850950841817876,nan,nan
907,0.005071418940850822,0.00850197888050103,nan,nan
908,0.005071007969995821,0.008524488360657992,nan,nan
909,0.005073675733425993,0.008519060971753874,nan,nan
910,0.005071066978138834,0.008522101385111603,0.0004013571016132642,0.0010496032841218247
911,0.005069237808555663,0.00850481092478276,nan,nan
912,0.005069454445490747,0.008518585339215535,nan,nan
913,0.005067231373394086,0.008509954902207646,nan,nan
914,0.005070644795654285,0.008540514915100507,nan,nan
915,0.0050698550790308685,0.00850984711922726,0.00039992666045218507,0.0010968651738195204
916,0.005064462676566243,0.008516519515897696,nan,nan
917,0.005061576257372276,0.008540294857931814,nan,nan
918,0.005065403455001818,0.008503444011991176,nan,nan
919,0.005062079808285015,0.00853129441430562,nan,nan
920,0.005064138321032185,0.008518241055005584,0.0004006902354758042,0.0010975463380815578
921,0.005062947098101647,0.008536863483141687,nan,nan
922,0.005064783875328902,0.008534528675195161,nan,nan
923,0.00506237994992514,0.008528482711744433,nan,nan
924,0.005059131057265478,0.008514373714537662,nan,nan
925,0.00506025880598445,0.008521151629460457,0.00040049138211675035,0.001027055822307929
926,0.005057624549760193,0.008514132119677921,nan,nan
927,0.005057271395692201,0.008517917893991412,nan,nan
928,0.0050552654100849154,0.00853227260365845,nan,nan
929,0.005055301787418869,0.008514201602733527,nan,nan
930,0.005054888836177269,0.008517940144355972,0.00040261173123937194,0.0010095380948980488
931,0.005054959820997789,0.00851683922806408,nan,nan
932,0.005054073482434324,0.008514919853002595,nan,nan
933,0.0050502521251351625,0.008499161058405785,nan,nan
934,0.005050310932904907,0.00851019327860708,nan,nan
935,0.005050944049168845,0.00851375203200665,0.0004013375140659032,0.0010960308526394879
936,0.005047726995084045,0.00850377160894723,nan,nan
937,0.0050479143511927,0.008499014335167202,nan,nan
938,0.005047006049570898,0.00852358780132712,nan,nan
939,0.005045779211290229,0.008534831929540332,nan,nan
940,0.005047448509701751,0.008511046992951628,0.00040288987063562184,0.0010384754503589106
941,0.005046956061064481,0.008515200408508308,nan,nan
942,0.005046680553710244,0.008517399471162843,nan,nan
943,0.005045372227007077,0.008510647746500115,nan,nan
944,0.005046007470842228,0.008517412768598022,nan,nan
945,0.00504388818874789,0.008527484194431402,0.000402572885208028,0.0009805428658276882
946,0.005043135190220294,0.008511976326510585,nan,nan
947,0.005042545920942189,0.00852315890841018,nan,nan
948,0.005041132913565409,0.008518842456698554,nan,nan
949,0.005041631469761905,0.008512895506507988,nan,nan
950,0.005041365895013226,0.008518179167603921,0.00040153904167805035,0.0010859681504019631
951,0.005038989837944133,0.00851685048177921,nan,nan
952,0.005040071256485319,0.008518647670149605,nan,nan
953,0.00504006105741851,0.008513542728069704,nan,nan
954,0.00503886894160751,0.008515874984286732,nan,nan
955,0.005037036182392261,0.008514557248045456,0.0004004072323516788,0.0010644621750343396
956,0.005038883869584573,0.00851563308389118,nan,nan
957,0.005038354202074325,0.008509557201014725,nan,nan
958,0.005036558550418425,0.008515898197426082,nan,nan
959,0.005036283435535687,0.008523809614428087,nan,nan
960,0.0050354623820132146,0.008520383069855829,0.0004012764253318447,0.0010475020645998988
961,0.005035595898208814,0.008518465853483473,nan,nan
962,0.005034530453694505,0.00850945415221062,nan,nan
963,0.005034635714993786,0.008517696918755008,nan,nan
964,0.0050340260420903326,0.008518216533397894,nan,nan
965,0.005033782465316162,0.008524123654187359,0.00040164449394198485,0.0010660371628749806
966,0.00503336958903044,0.008514547839171277,nan,nan
967,0.00503334281703236,0.008518644494318283,nan,nan
968,0.00503290483714871,0.00851986035104774,nan,nan
969,0.005032124125640007,0.008519739461142739,nan,nan
970,0.00503292076926994,0.008517993240694835,0.00040137477127785075,0.0010421278028079368
971,0.0050317107899336,0.008520623568325027,nan,nan
972,0.005031710197188681,0.008518395755424719,nan,nan
973,0.005031141212465225,0.00851747199716416,nan,nan
974,0.005030609085614607,0.008516808966202355,nan,nan
975,0.005030822416234731,0.008520033930659388,0.0004012676885011815,0.0010503525630273824
976,0.0050300915345276795,0.008520036173370866,nan,nan
977,0.005029705288466027,0.008519837955272848,nan,nan
978,0.005029839843896701,0.00851810841354181,nan,nan
979,0.005029319330345779,0.00852093250277187,nan,nan
980,0.005029107819017339,0.00852301574252953,0.00040144411238400676,0.0010187908837456091
981,0.005029300923413725,0.008519281152877995,nan,nan
982,0.005028732168893619,0.008522854459554788,nan,nan
983,0.005028718765239915,0.00851688952802014,nan,nan
984,0.005028593433819331,0.008520994478239738,nan,nan
985,0.0050281713441325425,0.008520343046012636,0.00040135446537497297,0.001044817449691139
986,0.005028052848443421,0.00851984068116899,nan,nan
987,0.005027911028751582,0.008522067598635948,nan,nan
988,0.005027652703673538,0.00852174179996033,nan,nan
989,0.005027662173051644,0.008518863810787295,nan,nan
990,0.005027583773047225,0.00851903823651971,0.00040131703436321935,0.0010396325093858802
991,0.005027295402425546,0.008521617181451314,nan,nan
992,0.005027208648039014,0.008522056346774252,nan,nan
993,0.005027231419785843,0.008521198167563016,nan,nan
994,0.005027002085889138,0.008519650682658244,nan,nan
995,0.0050270008621069616,0.008523357457093452,0.00040120548406789494,0.001039141755096456
996,0.005026911428554832,0.008524472845111462,nan,nan
997,0.005027050605338974,0.008523148349283537,nan,nan
998,0.005026637302464379,0.00852088895133802,nan,nan
999,0.00502681198448946,0.008521889263112288,nan,nan
1000,0.005026660189718522,0.008523944598632618,0.0004012301158509749,0.0010541670373563124
